,Datetime
64584,2021-01-01 01:00:00
64585,2021-01-01 02:00:00
64586,2021-01-01 03:00:00
64587,2021-01-01 04:00:00
64588,2021-01-01 05:00:00
64589,2021-01-01 06:00:00
64590,2021-01-01 07:00:00
64591,2021-01-01 08:00:00
64592,2021-01-01 09:00:00
64593,2021-01-01 10:00:00
64594,2021-01-01 11:00:00
64595,2021-01-01 12:00:00
64596,2021-01-01 13:00:00
64597,2021-01-01 14:00:00
64598,2021-01-01 15:00:00
64599,2021-01-01 16:00:00
64600,2021-01-01 17:00:00
64601,2021-01-01 18:00:00
64602,2021-01-01 19:00:00
64603,2021-01-01 20:00:00
64604,2021-01-01 21:00:00
64605,2021-01-01 22:00:00
64606,2021-01-01 23:00:00
64607,2021-01-02 00:00:00
64608,2021-01-02 01:00:00
64609,2021-01-02 02:00:00
64610,2021-01-02 03:00:00
64611,2021-01-02 04:00:00
64612,2021-01-02 05:00:00
64613,2021-01-02 06:00:00
64614,2021-01-02 07:00:00
64615,2021-01-02 08:00:00
64616,2021-01-02 09:00:00
64617,2021-01-02 10:00:00
64618,2021-01-02 11:00:00
64619,2021-01-02 12:00:00
64620,2021-01-02 13:00:00
64621,2021-01-02 14:00:00
64622,2021-01-02 15:00:00
64623,2021-01-02 16:00:00
64624,2021-01-02 17:00:00
64625,2021-01-02 18:00:00
64626,2021-01-02 19:00:00
64627,2021-01-02 20:00:00
64628,2021-01-02 21:00:00
64629,2021-01-02 22:00:00
64630,2021-01-02 23:00:00
64631,2021-01-03 00:00:00
64632,2021-01-03 01:00:00
64633,2021-01-03 02:00:00
64634,2021-01-03 03:00:00
64635,2021-01-03 04:00:00
64636,2021-01-03 05:00:00
64637,2021-01-03 06:00:00
64638,2021-01-03 07:00:00
64639,2021-01-03 08:00:00
64640,2021-01-03 09:00:00
64641,2021-01-03 10:00:00
64642,2021-01-03 11:00:00
64643,2021-01-03 12:00:00
64644,2021-01-03 13:00:00
64645,2021-01-03 14:00:00
64646,2021-01-03 15:00:00
64647,2021-01-03 16:00:00
64648,2021-01-03 17:00:00
64649,2021-01-03 18:00:00
64650,2021-01-03 19:00:00
64651,2021-01-03 20:00:00
64652,2021-01-03 21:00:00
64653,2021-01-03 22:00:00
64654,2021-01-03 23:00:00
64655,2021-01-04 00:00:00
64656,2021-01-04 01:00:00
64657,2021-01-04 02:00:00
64658,2021-01-04 03:00:00
64659,2021-01-04 04:00:00
64660,2021-01-04 05:00:00
64661,2021-01-04 06:00:00
64662,2021-01-04 07:00:00
64663,2021-01-04 08:00:00
64664,2021-01-04 09:00:00
64665,2021-01-04 10:00:00
64666,2021-01-04 11:00:00
64667,2021-01-04 12:00:00
64668,2021-01-04 13:00:00
64669,2021-01-04 14:00:00
64670,2021-01-04 15:00:00
64671,2021-01-04 16:00:00
64672,2021-01-04 17:00:00
64673,2021-01-04 18:00:00
64674,2021-01-04 19:00:00
64675,2021-01-04 20:00:00
64676,2021-01-04 21:00:00
64677,2021-01-04 22:00:00
64678,2021-01-04 23:00:00
64679,2021-01-05 00:00:00
64680,2021-01-05 01:00:00
64681,2021-01-05 02:00:00
64682,2021-01-05 03:00:00
64683,2021-01-05 04:00:00
64684,2021-01-05 05:00:00
64685,2021-01-05 06:00:00
64686,2021-01-05 07:00:00
64687,2021-01-05 08:00:00
64688,2021-01-05 09:00:00
64689,2021-01-05 10:00:00
64690,2021-01-05 11:00:00
64691,2021-01-05 12:00:00
64692,2021-01-05 13:00:00
64693,2021-01-05 14:00:00
64694,2021-01-05 15:00:00
64695,2021-01-05 16:00:00
64696,2021-01-05 17:00:00
64697,2021-01-05 18:00:00
64698,2021-01-05 19:00:00
64699,2021-01-05 20:00:00
64700,2021-01-05 21:00:00
64701,2021-01-05 22:00:00
64702,2021-01-05 23:00:00
64703,2021-01-06 00:00:00
64704,2021-01-06 01:00:00
64705,2021-01-06 02:00:00
64706,2021-01-06 03:00:00
64707,2021-01-06 04:00:00
64708,2021-01-06 05:00:00
64709,2021-01-06 06:00:00
64710,2021-01-06 07:00:00
64711,2021-01-06 08:00:00
64712,2021-01-06 09:00:00
64713,2021-01-06 10:00:00
64714,2021-01-06 11:00:00
64715,2021-01-06 12:00:00
64716,2021-01-06 13:00:00
64717,2021-01-06 14:00:00
64718,2021-01-06 15:00:00
64719,2021-01-06 16:00:00
64720,2021-01-06 17:00:00
64721,2021-01-06 18:00:00
64722,2021-01-06 19:00:00
64723,2021-01-06 20:00:00
64724,2021-01-06 21:00:00
64725,2021-01-06 22:00:00
64726,2021-01-06 23:00:00
64727,2021-01-07 00:00:00
64728,2021-01-07 01:00:00
64729,2021-01-07 02:00:00
64730,2021-01-07 03:00:00
64731,2021-01-07 04:00:00
64732,2021-01-07 05:00:00
64733,2021-01-07 06:00:00
64734,2021-01-07 07:00:00
64735,2021-01-07 08:00:00
64736,2021-01-07 09:00:00
64737,2021-01-07 10:00:00
64738,2021-01-07 11:00:00
64739,2021-01-07 12:00:00
64740,2021-01-07 13:00:00
64741,2021-01-07 14:00:00
64742,2021-01-07 15:00:00
64743,2021-01-07 16:00:00
64744,2021-01-07 17:00:00
64745,2021-01-07 18:00:00
64746,2021-01-07 19:00:00
64747,2021-01-07 20:00:00
64748,2021-01-07 21:00:00
64749,2021-01-07 22:00:00
64750,2021-01-07 23:00:00
64751,2021-01-08 00:00:00
64752,2021-01-08 01:00:00
64753,2021-01-08 02:00:00
64754,2021-01-08 03:00:00
64755,2021-01-08 04:00:00
64756,2021-01-08 05:00:00
64757,2021-01-08 06:00:00
64758,2021-01-08 07:00:00
64759,2021-01-08 08:00:00
64760,2021-01-08 09:00:00
64761,2021-01-08 10:00:00
64762,2021-01-08 11:00:00
64763,2021-01-08 12:00:00
64764,2021-01-08 13:00:00
64765,2021-01-08 14:00:00
64766,2021-01-08 15:00:00
64767,2021-01-08 16:00:00
64768,2021-01-08 17:00:00
64769,2021-01-08 18:00:00
64770,2021-01-08 19:00:00
64771,2021-01-08 20:00:00
64772,2021-01-08 21:00:00
64773,2021-01-08 22:00:00
64774,2021-01-08 23:00:00
64775,2021-01-09 00:00:00
64776,2021-01-09 01:00:00
64777,2021-01-09 02:00:00
64778,2021-01-09 03:00:00
64779,2021-01-09 04:00:00
64780,2021-01-09 05:00:00
64781,2021-01-09 06:00:00
64782,2021-01-09 07:00:00
64783,2021-01-09 08:00:00
64784,2021-01-09 09:00:00
64785,2021-01-09 10:00:00
64786,2021-01-09 11:00:00
64787,2021-01-09 12:00:00
64788,2021-01-09 13:00:00
64789,2021-01-09 14:00:00
64790,2021-01-09 15:00:00
64791,2021-01-09 16:00:00
64792,2021-01-09 17:00:00
64793,2021-01-09 18:00:00
64794,2021-01-09 19:00:00
64795,2021-01-09 20:00:00
64796,2021-01-09 21:00:00
64797,2021-01-09 22:00:00
64798,2021-01-09 23:00:00
64799,2021-01-10 00:00:00
64800,2021-01-10 01:00:00
64801,2021-01-10 02:00:00
64802,2021-01-10 03:00:00
64803,2021-01-10 04:00:00
64804,2021-01-10 05:00:00
64805,2021-01-10 06:00:00
64806,2021-01-10 07:00:00
64807,2021-01-10 08:00:00
64808,2021-01-10 09:00:00
64809,2021-01-10 10:00:00
64810,2021-01-10 11:00:00
64811,2021-01-10 12:00:00
64812,2021-01-10 13:00:00
64813,2021-01-10 14:00:00
64814,2021-01-10 15:00:00
64815,2021-01-10 16:00:00
64816,2021-01-10 17:00:00
64817,2021-01-10 18:00:00
64818,2021-01-10 19:00:00
64819,2021-01-10 20:00:00
64820,2021-01-10 21:00:00
64821,2021-01-10 22:00:00
64822,2021-01-10 23:00:00
64823,2021-01-11 00:00:00
64824,2021-01-11 01:00:00
64825,2021-01-11 02:00:00
64826,2021-01-11 03:00:00
64827,2021-01-11 04:00:00
64828,2021-01-11 05:00:00
64829,2021-01-11 06:00:00
64830,2021-01-11 07:00:00
64831,2021-01-11 08:00:00
64832,2021-01-11 09:00:00
64833,2021-01-11 10:00:00
64834,2021-01-11 11:00:00
64835,2021-01-11 12:00:00
64836,2021-01-11 13:00:00
64837,2021-01-11 14:00:00
64838,2021-01-11 15:00:00
64839,2021-01-11 16:00:00
64840,2021-01-11 17:00:00
64841,2021-01-11 18:00:00
64842,2021-01-11 19:00:00
64843,2021-01-11 20:00:00
64844,2021-01-11 21:00:00
64845,2021-01-11 22:00:00
64846,2021-01-11 23:00:00
64847,2021-01-12 00:00:00
64848,2021-01-12 01:00:00
64849,2021-01-12 02:00:00
64850,2021-01-12 03:00:00
64851,2021-01-12 04:00:00
64852,2021-01-12 05:00:00
64853,2021-01-12 06:00:00
64854,2021-01-12 07:00:00
64855,2021-01-12 08:00:00
64856,2021-01-12 09:00:00
64857,2021-01-12 10:00:00
64858,2021-01-12 11:00:00
64859,2021-01-12 12:00:00
64860,2021-01-12 13:00:00
64861,2021-01-12 14:00:00
64862,2021-01-12 15:00:00
64863,2021-01-12 16:00:00
64864,2021-01-12 17:00:00
64865,2021-01-12 18:00:00
64866,2021-01-12 19:00:00
64867,2021-01-12 20:00:00
64868,2021-01-12 21:00:00
64869,2021-01-12 22:00:00
64870,2021-01-12 23:00:00
64871,2021-01-13 00:00:00
64872,2021-01-13 01:00:00
64873,2021-01-13 02:00:00
64874,2021-01-13 03:00:00
64875,2021-01-13 04:00:00
64876,2021-01-13 05:00:00
64877,2021-01-13 06:00:00
64878,2021-01-13 07:00:00
64879,2021-01-13 08:00:00
64880,2021-01-13 09:00:00
64881,2021-01-13 10:00:00
64882,2021-01-13 11:00:00
64883,2021-01-13 12:00:00
64884,2021-01-13 13:00:00
64885,2021-01-13 14:00:00
64886,2021-01-13 15:00:00
64887,2021-01-13 16:00:00
64888,2021-01-13 17:00:00
64889,2021-01-13 18:00:00
64890,2021-01-13 19:00:00
64891,2021-01-13 20:00:00
64892,2021-01-13 21:00:00
64893,2021-01-13 22:00:00
64894,2021-01-13 23:00:00
64895,2021-01-14 00:00:00
64896,2021-01-14 01:00:00
64897,2021-01-14 02:00:00
64898,2021-01-14 03:00:00
64899,2021-01-14 04:00:00
64900,2021-01-14 05:00:00
64901,2021-01-14 06:00:00
64902,2021-01-14 07:00:00
64903,2021-01-14 08:00:00
64904,2021-01-14 09:00:00
64905,2021-01-14 10:00:00
64906,2021-01-14 11:00:00
64907,2021-01-14 12:00:00
64908,2021-01-14 13:00:00
64909,2021-01-14 14:00:00
64910,2021-01-14 15:00:00
64911,2021-01-14 16:00:00
64912,2021-01-14 17:00:00
64913,2021-01-14 18:00:00
64914,2021-01-14 19:00:00
64915,2021-01-14 20:00:00
64916,2021-01-14 21:00:00
64917,2021-01-14 22:00:00
64918,2021-01-14 23:00:00
64919,2021-01-15 00:00:00
64920,2021-01-15 01:00:00
64921,2021-01-15 02:00:00
64922,2021-01-15 03:00:00
64923,2021-01-15 04:00:00
64924,2021-01-15 05:00:00
64925,2021-01-15 06:00:00
64926,2021-01-15 07:00:00
64927,2021-01-15 08:00:00
64928,2021-01-15 09:00:00
64929,2021-01-15 10:00:00
64930,2021-01-15 11:00:00
64931,2021-01-15 12:00:00
64932,2021-01-15 13:00:00
64933,2021-01-15 14:00:00
64934,2021-01-15 15:00:00
64935,2021-01-15 16:00:00
64936,2021-01-15 17:00:00
64937,2021-01-15 18:00:00
64938,2021-01-15 19:00:00
64939,2021-01-15 20:00:00
64940,2021-01-15 21:00:00
64941,2021-01-15 22:00:00
64942,2021-01-15 23:00:00
64943,2021-01-16 00:00:00
64944,2021-01-16 01:00:00
64945,2021-01-16 02:00:00
64946,2021-01-16 03:00:00
64947,2021-01-16 04:00:00
64948,2021-01-16 05:00:00
64949,2021-01-16 06:00:00
64950,2021-01-16 07:00:00
64951,2021-01-16 08:00:00
64952,2021-01-16 09:00:00
64953,2021-01-16 10:00:00
64954,2021-01-16 11:00:00
64955,2021-01-16 12:00:00
64956,2021-01-16 13:00:00
64957,2021-01-16 14:00:00
64958,2021-01-16 15:00:00
64959,2021-01-16 16:00:00
64960,2021-01-16 17:00:00
64961,2021-01-16 18:00:00
64962,2021-01-16 19:00:00
64963,2021-01-16 20:00:00
64964,2021-01-16 21:00:00
64965,2021-01-16 22:00:00
64966,2021-01-16 23:00:00
64967,2021-01-17 00:00:00
64968,2021-01-17 01:00:00
64969,2021-01-17 02:00:00
64970,2021-01-17 03:00:00
64971,2021-01-17 04:00:00
64972,2021-01-17 05:00:00
64973,2021-01-17 06:00:00
64974,2021-01-17 07:00:00
64975,2021-01-17 08:00:00
64976,2021-01-17 09:00:00
64977,2021-01-17 10:00:00
64978,2021-01-17 11:00:00
64979,2021-01-17 12:00:00
64980,2021-01-17 13:00:00
64981,2021-01-17 14:00:00
64982,2021-01-17 15:00:00
64983,2021-01-17 16:00:00
